coalition,value,iteration
"(3, 9, 0, 8, 4, 2, 1, 6, 7, 5)",0.124,0
"(0, 1, 2, 4, 5, 6, 7, 8, 9)",0.1035,0
"(0, 1, 2, 3, 4, 5, 6, 7, 8)",0.1635,0
"(1, 2, 3, 4, 5, 6, 7, 8, 9)",0.2828,0
"(0, 1, 2, 3, 4, 5, 6, 7, 9)",0.1112,0
"(0, 1, 2, 3, 5, 6, 7, 8, 9)",0.215,0
"(0, 1, 3, 4, 5, 6, 7, 8, 9)",0.172,0
"(0, 2, 3, 4, 5, 6, 7, 8, 9)",0.1082,0
"(0, 1, 2, 3, 4, 5, 7, 8, 9)",0.1767,0
"(0, 1, 2, 3, 4, 5, 6, 8, 9)",0.1922,0
"(0, 1, 2, 3, 4, 6, 7, 8, 9)",0.1012,0
"(1, 5, 0, 9, 7, 3, 8, 6, 2, 4)",0.349,1
"(0, 2, 3, 4, 5, 6, 7, 8, 9)",0.205,1
"(0, 1, 2, 3, 4, 6, 7, 8, 9)",0.3912,1
"(1, 2, 3, 4, 5, 6, 7, 8, 9)",0.4134,1
"(0, 1, 2, 3, 4, 5, 6, 7, 8)",0.381,1
"(0, 1, 2, 3, 4, 5, 6, 8, 9)",0.2961,1
"(0, 1, 2, 4, 5, 6, 7, 8, 9)",0.3801,1
"(0, 1, 2, 3, 4, 5, 6, 7, 9)",0.3627,1
"(0, 1, 2, 3, 4, 5, 7, 8, 9)",0.3632,1
"(0, 1, 3, 4, 5, 6, 7, 8, 9)",0.3156,1
"(0, 1, 2, 3, 5, 6, 7, 8, 9)",0.3525,1
"(0, 1, 9, 7, 2, 6, 3, 4, 5, 8)",0.6876,2
"(1, 2, 3, 4, 5, 6, 7, 8, 9)",0.7249,2
"(0, 2, 3, 4, 5, 6, 7, 8, 9)",0.716,2
"(0, 1, 2, 3, 4, 5, 6, 7, 8)",0.6801,2
"(0, 1, 2, 3, 4, 5, 6, 8, 9)",0.6822,2
"(0, 1, 3, 4, 5, 6, 7, 8, 9)",0.7158,2
"(0, 1, 2, 3, 4, 5, 7, 8, 9)",0.6608,2
"(0, 1, 2, 4, 5, 6, 7, 8, 9)",0.6876,2
"(0, 1, 2, 3, 5, 6, 7, 8, 9)",0.6706,2
"(0, 1, 2, 3, 4, 6, 7, 8, 9)",0.6815,2
"(0, 1, 2, 3, 4, 5, 6, 7, 9)",0.6582,2
"(8, 6, 5, 9, 2, 0, 7, 4, 1, 3)",0.7694,3
"(0, 1, 2, 3, 4, 5, 6, 7, 9)",0.7658,3
"(0, 1, 2, 3, 4, 5, 7, 8, 9)",0.7469,3
"(0, 1, 2, 3, 4, 6, 7, 8, 9)",0.7646,3
"(0, 1, 2, 3, 4, 5, 6, 7, 8)",0.7616,3
"(0, 1, 3, 4, 5, 6, 7, 8, 9)",0.7897,3
"(1, 2, 3, 4, 5, 6, 7, 8, 9)",0.7988,3
"(0, 1, 2, 3, 4, 5, 6, 8, 9)",0.7732,3
"(0, 1, 2, 3, 5, 6, 7, 8, 9)",0.7483,3
"(0, 2, 3, 4, 5, 6, 7, 8, 9)",0.7992,3
"(0, 1, 2, 4, 5, 6, 7, 8, 9)",0.7537,3
"(5, 1, 9, 7, 0, 4, 6, 3, 2, 8)",0.7626,4
"(0, 1, 2, 3, 4, 6, 7, 8, 9)",0.7534,4
"(0, 2, 3, 4, 5, 6, 7, 8, 9)",0.7918,4
"(0, 1, 2, 3, 4, 5, 6, 7, 8)",0.7553,4
"(0, 1, 2, 3, 4, 5, 6, 8, 9)",0.7466,4
"(1, 2, 3, 4, 5, 6, 7, 8, 9)",0.7665,4
"(0, 1, 2, 3, 5, 6, 7, 8, 9)",0.7458,4
"(0, 1, 2, 3, 4, 5, 7, 8, 9)",0.7506,4
"(0, 1, 2, 4, 5, 6, 7, 8, 9)",0.7435,4
"(0, 1, 3, 4, 5, 6, 7, 8, 9)",0.7848,4
"(0, 1, 2, 3, 4, 5, 6, 7, 9)",0.7562,4
"(7, 4, 6, 9, 3, 8, 0, 2, 1, 5)",0.7732,5
"(0, 1, 2, 3, 4, 5, 6, 8, 9)",0.7569,5
"(0, 1, 2, 3, 5, 6, 7, 8, 9)",0.7506,5
"(0, 1, 2, 3, 4, 5, 7, 8, 9)",0.7525,5
"(0, 1, 2, 3, 4, 5, 6, 7, 8)",0.7511,5
"(0, 1, 2, 4, 5, 6, 7, 8, 9)",0.7629,5
"(0, 1, 2, 3, 4, 5, 6, 7, 9)",0.758,5
"(1, 2, 3, 4, 5, 6, 7, 8, 9)",0.8007,5
"(0, 1, 3, 4, 5, 6, 7, 8, 9)",0.7979,5
"(0, 2, 3, 4, 5, 6, 7, 8, 9)",0.8107,5
"(0, 1, 2, 3, 4, 6, 7, 8, 9)",0.7555,5
"(1, 4, 2, 3, 9, 6, 7, 0, 5, 8)",0.8041,6
"(0, 2, 3, 4, 5, 6, 7, 8, 9)",0.8331,6
"(0, 1, 2, 3, 5, 6, 7, 8, 9)",0.7955,6
"(0, 1, 3, 4, 5, 6, 7, 8, 9)",0.823,6
"(0, 1, 2, 4, 5, 6, 7, 8, 9)",0.788,6
"(0, 1, 2, 3, 4, 5, 6, 7, 8)",0.7832,6
"(0, 1, 2, 3, 4, 5, 7, 8, 9)",0.7987,6
"(0, 1, 2, 3, 4, 5, 6, 8, 9)",0.79,6
"(1, 2, 3, 4, 5, 6, 7, 8, 9)",0.8218,6
"(0, 1, 2, 3, 4, 6, 7, 8, 9)",0.7875,6
"(0, 1, 2, 3, 4, 5, 6, 7, 9)",0.7922,6
"(8, 2, 3, 1, 6, 0, 9, 5, 7, 4)",0.8045,7
"(0, 1, 2, 3, 4, 5, 6, 7, 9)",0.7959,7
"(0, 1, 3, 4, 5, 6, 7, 8, 9)",0.8274,7
"(0, 1, 2, 4, 5, 6, 7, 8, 9)",0.7857,7
"(0, 2, 3, 4, 5, 6, 7, 8, 9)",0.8222,7
"(0, 1, 2, 3, 4, 5, 7, 8, 9)",0.7949,7
"(1, 2, 3, 4, 5, 6, 7, 8, 9)",0.8247,7
"(0, 1, 2, 3, 4, 5, 6, 7, 8)",0.7961,7
"(0, 1, 2, 3, 4, 6, 7, 8, 9)",0.7935,7
"(0, 1, 2, 3, 4, 5, 6, 8, 9)",0.7969,7
"(0, 1, 2, 3, 5, 6, 7, 8, 9)",0.7922,7
"(1, 3, 8, 9, 2, 0, 7, 5, 4, 6)",0.8063,8
"(0, 2, 3, 4, 5, 6, 7, 8, 9)",0.8262,8
"(0, 1, 2, 4, 5, 6, 7, 8, 9)",0.7947,8
"(0, 1, 2, 3, 4, 5, 6, 7, 9)",0.7977,8
"(0, 1, 2, 3, 4, 5, 6, 7, 8)",0.7898,8
"(0, 1, 3, 4, 5, 6, 7, 8, 9)",0.8282,8
"(1, 2, 3, 4, 5, 6, 7, 8, 9)",0.8113,8
"(0, 1, 2, 3, 4, 5, 6, 8, 9)",0.7953,8
"(0, 1, 2, 3, 4, 6, 7, 8, 9)",0.7961,8
"(0, 1, 2, 3, 5, 6, 7, 8, 9)",0.795,8
"(0, 1, 2, 3, 4, 5, 7, 8, 9)",0.7937,8
"(5, 3, 2, 4, 6, 8, 7, 0, 9, 1)",0.8338,9
"(0, 1, 2, 3, 4, 6, 7, 8, 9)",0.8264,9
"(0, 1, 2, 4, 5, 6, 7, 8, 9)",0.822,9
"(0, 1, 3, 4, 5, 6, 7, 8, 9)",0.849,9
"(0, 1, 2, 3, 5, 6, 7, 8, 9)",0.8214,9
"(0, 1, 2, 3, 4, 5, 7, 8, 9)",0.8262,9
"(0, 1, 2, 3, 4, 5, 6, 7, 9)",0.8238,9
"(0, 1, 2, 3, 4, 5, 6, 8, 9)",0.8292,9
"(1, 2, 3, 4, 5, 6, 7, 8, 9)",0.8444,9
"(0, 1, 2, 3, 4, 5, 6, 7, 8)",0.823,9
"(0, 2, 3, 4, 5, 6, 7, 8, 9)",0.8484,9
"(0, 9, 7, 6, 2, 8, 3, 4, 5, 1)",0.8347,10
"(1, 2, 3, 4, 5, 6, 7, 8, 9)",0.846,10
"(0, 1, 2, 3, 4, 5, 6, 7, 8)",0.8328,10
"(0, 1, 2, 3, 4, 5, 6, 8, 9)",0.8308,10
"(0, 1, 2, 3, 4, 5, 7, 8, 9)",0.8281,10
"(0, 1, 3, 4, 5, 6, 7, 8, 9)",0.8496,10
"(0, 1, 2, 3, 4, 5, 6, 7, 9)",0.8223,10
"(0, 1, 2, 4, 5, 6, 7, 8, 9)",0.816,10
"(0, 1, 2, 3, 5, 6, 7, 8, 9)",0.8246,10
"(0, 1, 2, 3, 4, 6, 7, 8, 9)",0.8307,10
"(0, 2, 3, 4, 5, 6, 7, 8, 9)",0.8502,10
"(9, 1, 4, 0, 5, 2, 8, 7, 3, 6)",0.8298,11
"(0, 1, 2, 3, 4, 5, 6, 7, 8)",0.8203,11
"(0, 2, 3, 4, 5, 6, 7, 8, 9)",0.8474,11
"(0, 1, 2, 3, 5, 6, 7, 8, 9)",0.8207,11
"(1, 2, 3, 4, 5, 6, 7, 8, 9)",0.8435,11
"(0, 1, 2, 3, 4, 6, 7, 8, 9)",0.821,11
"(0, 1, 3, 4, 5, 6, 7, 8, 9)",0.8447,11
"(0, 1, 2, 3, 4, 5, 6, 7, 9)",0.8249,11
"(0, 1, 2, 3, 4, 5, 6, 8, 9)",0.821,11
"(0, 1, 2, 4, 5, 6, 7, 8, 9)",0.8179,11
"(0, 1, 2, 3, 4, 5, 7, 8, 9)",0.8232,11
"(8, 7, 6, 1, 0, 5, 4, 2, 9, 3)",0.831,12
"(0, 1, 2, 3, 4, 5, 6, 7, 9)",0.8156,12
"(0, 1, 2, 3, 4, 5, 6, 8, 9)",0.8256,12
"(0, 1, 2, 3, 4, 5, 7, 8, 9)",0.8283,12
"(0, 2, 3, 4, 5, 6, 7, 8, 9)",0.8507,12
"(1, 2, 3, 4, 5, 6, 7, 8, 9)",0.8457,12
"(0, 1, 2, 3, 4, 6, 7, 8, 9)",0.8194,12
"(0, 1, 2, 3, 5, 6, 7, 8, 9)",0.8184,12
"(0, 1, 3, 4, 5, 6, 7, 8, 9)",0.8483,12
"(0, 1, 2, 3, 4, 5, 6, 7, 8)",0.8252,12
"(0, 1, 2, 4, 5, 6, 7, 8, 9)",0.8186,12
"(5, 6, 3, 1, 0, 4, 9, 7, 8, 2)",0.8389,13
"(0, 1, 2, 3, 4, 6, 7, 8, 9)",0.8343,13
"(0, 1, 2, 3, 4, 5, 7, 8, 9)",0.8305,13
"(0, 1, 2, 4, 5, 6, 7, 8, 9)",0.8291,13
"(0, 2, 3, 4, 5, 6, 7, 8, 9)",0.8551,13
"(1, 2, 3, 4, 5, 6, 7, 8, 9)",0.8451,13
"(0, 1, 2, 3, 5, 6, 7, 8, 9)",0.8289,13
"(0, 1, 2, 3, 4, 5, 6, 7, 8)",0.835,13
"(0, 1, 2, 3, 4, 5, 6, 8, 9)",0.833,13
"(0, 1, 2, 3, 4, 5, 6, 7, 9)",0.8317,13
"(0, 1, 3, 4, 5, 6, 7, 8, 9)",0.8518,13
"(8, 9, 4, 3, 0, 5, 2, 7, 6, 1)",0.8421,14
"(0, 1, 2, 3, 4, 5, 6, 7, 9)",0.8391,14
"(0, 1, 2, 3, 4, 5, 6, 7, 8)",0.8408,14
"(0, 1, 2, 3, 5, 6, 7, 8, 9)",0.8343,14
"(0, 1, 2, 4, 5, 6, 7, 8, 9)",0.8227,14
"(1, 2, 3, 4, 5, 6, 7, 8, 9)",0.8525,14
"(0, 1, 2, 3, 4, 6, 7, 8, 9)",0.8355,14
"(0, 1, 3, 4, 5, 6, 7, 8, 9)",0.8532,14
"(0, 1, 2, 3, 4, 5, 6, 8, 9)",0.832,14
"(0, 1, 2, 3, 4, 5, 7, 8, 9)",0.8345,14
"(0, 2, 3, 4, 5, 6, 7, 8, 9)",0.8571,14
"(6, 7, 9, 8, 2, 4, 5, 0, 1, 3)",0.8507,15
"(0, 1, 2, 3, 4, 5, 7, 8, 9)",0.8467,15
"(0, 1, 2, 3, 4, 5, 6, 8, 9)",0.843,15
"(0, 1, 2, 3, 4, 5, 6, 7, 8)",0.8401,15
"(0, 1, 2, 3, 4, 5, 6, 7, 9)",0.8423,15
"(0, 1, 3, 4, 5, 6, 7, 8, 9)",0.8605,15
"(0, 1, 2, 3, 5, 6, 7, 8, 9)",0.8416,15
"(0, 1, 2, 3, 4, 6, 7, 8, 9)",0.8456,15
"(1, 2, 3, 4, 5, 6, 7, 8, 9)",0.8567,15
"(0, 2, 3, 4, 5, 6, 7, 8, 9)",0.8618,15
"(0, 1, 2, 4, 5, 6, 7, 8, 9)",0.8394,15
"(2, 6, 8, 7, 0, 3, 1, 9, 5, 4)",0.8445,16
"(0, 1, 3, 4, 5, 6, 7, 8, 9)",0.8597,16
"(0, 1, 2, 3, 4, 5, 7, 8, 9)",0.8351,16
"(0, 1, 2, 3, 4, 5, 6, 7, 9)",0.8363,16
"(0, 1, 2, 3, 4, 5, 6, 8, 9)",0.8349,16
"(1, 2, 3, 4, 5, 6, 7, 8, 9)",0.8535,16
"(0, 1, 2, 4, 5, 6, 7, 8, 9)",0.8322,16
"(0, 2, 3, 4, 5, 6, 7, 8, 9)",0.8601,16
"(0, 1, 2, 3, 4, 5, 6, 7, 8)",0.8372,16
"(0, 1, 2, 3, 4, 6, 7, 8, 9)",0.8393,16
"(0, 1, 2, 3, 5, 6, 7, 8, 9)",0.8373,16
"(2, 6, 3, 8, 7, 1, 0, 4, 5, 9)",0.8364,17
"(0, 1, 3, 4, 5, 6, 7, 8, 9)",0.8499,17
"(0, 1, 2, 3, 4, 5, 7, 8, 9)",0.8272,17
"(0, 1, 2, 4, 5, 6, 7, 8, 9)",0.8213,17
"(0, 1, 2, 3, 4, 5, 6, 7, 9)",0.8261,17
"(0, 1, 2, 3, 4, 5, 6, 8, 9)",0.829,17
"(0, 2, 3, 4, 5, 6, 7, 8, 9)",0.8553,17
"(1, 2, 3, 4, 5, 6, 7, 8, 9)",0.8579,17
"(0, 1, 2, 3, 5, 6, 7, 8, 9)",0.8277,17
"(0, 1, 2, 3, 4, 6, 7, 8, 9)",0.8263,17
"(0, 1, 2, 3, 4, 5, 6, 7, 8)",0.8279,17
"(2, 8, 3, 7, 0, 9, 6, 1, 4, 5)",0.844,18
"(0, 1, 3, 4, 5, 6, 7, 8, 9)",0.8602,18
"(0, 1, 2, 3, 4, 5, 6, 7, 9)",0.8372,18
"(0, 1, 2, 4, 5, 6, 7, 8, 9)",0.8309,18
"(0, 1, 2, 3, 4, 5, 6, 8, 9)",0.8356,18
"(1, 2, 3, 4, 5, 6, 7, 8, 9)",0.8606,18
"(0, 1, 2, 3, 4, 5, 6, 7, 8)",0.8336,18
"(0, 1, 2, 3, 4, 5, 7, 8, 9)",0.8372,18
"(0, 2, 3, 4, 5, 6, 7, 8, 9)",0.8581,18
"(0, 1, 2, 3, 5, 6, 7, 8, 9)",0.8383,18
"(0, 1, 2, 3, 4, 6, 7, 8, 9)",0.8341,18
"(0, 5, 9, 1, 6, 8, 4, 2, 7, 3)",0.8451,19
"(1, 2, 3, 4, 5, 6, 7, 8, 9)",0.8614,19
"(0, 1, 2, 3, 4, 6, 7, 8, 9)",0.8399,19
"(0, 1, 2, 3, 4, 5, 6, 7, 8)",0.8375,19
"(0, 2, 3, 4, 5, 6, 7, 8, 9)",0.8604,19
"(0, 1, 2, 3, 4, 5, 7, 8, 9)",0.8404,19
"(0, 1, 2, 3, 4, 5, 6, 7, 9)",0.8352,19
"(0, 1, 2, 3, 5, 6, 7, 8, 9)",0.8318,19
"(0, 1, 3, 4, 5, 6, 7, 8, 9)",0.8583,19
"(0, 1, 2, 3, 4, 5, 6, 8, 9)",0.8383,19
"(0, 1, 2, 4, 5, 6, 7, 8, 9)",0.8316,19
"(5, 2, 0, 9, 6, 3, 4, 1, 7, 8)",0.859,20
"(0, 1, 2, 3, 4, 6, 7, 8, 9)",0.8558,20
"(0, 1, 3, 4, 5, 6, 7, 8, 9)",0.8673,20
"(1, 2, 3, 4, 5, 6, 7, 8, 9)",0.8646,20
"(0, 1, 2, 3, 4, 5, 6, 7, 8)",0.8531,20
"(0, 1, 2, 3, 4, 5, 7, 8, 9)",0.8532,20
"(0, 1, 2, 4, 5, 6, 7, 8, 9)",0.8479,20
"(0, 1, 2, 3, 5, 6, 7, 8, 9)",0.8542,20
"(0, 2, 3, 4, 5, 6, 7, 8, 9)",0.8693,20
"(0, 1, 2, 3, 4, 5, 6, 8, 9)",0.8545,20
"(0, 1, 2, 3, 4, 5, 6, 7, 9)",0.8526,20
"(1, 6, 9, 3, 2, 8, 0, 5, 4, 7)",0.8571,21
"(0, 2, 3, 4, 5, 6, 7, 8, 9)",0.8668,21
"(0, 1, 2, 3, 4, 5, 7, 8, 9)",0.8466,21
"(0, 1, 2, 3, 4, 5, 6, 7, 8)",0.8489,21
"(0, 1, 2, 4, 5, 6, 7, 8, 9)",0.8467,21
"(0, 1, 3, 4, 5, 6, 7, 8, 9)",0.8709,21
"(0, 1, 2, 3, 4, 5, 6, 7, 9)",0.8458,21
"(1, 2, 3, 4, 5, 6, 7, 8, 9)",0.8696,21
"(0, 1, 2, 3, 4, 6, 7, 8, 9)",0.848,21
"(0, 1, 2, 3, 5, 6, 7, 8, 9)",0.8482,21
"(0, 1, 2, 3, 4, 5, 6, 8, 9)",0.8496,21
"(9, 7, 2, 6, 0, 5, 1, 3, 8, 4)",0.8562,22
"(0, 1, 2, 3, 4, 5, 6, 7, 8)",0.8468,22
"(0, 1, 2, 3, 4, 5, 6, 8, 9)",0.8464,22
"(0, 1, 3, 4, 5, 6, 7, 8, 9)",0.8657,22
"(0, 1, 2, 3, 4, 5, 7, 8, 9)",0.8523,22
"(1, 2, 3, 4, 5, 6, 7, 8, 9)",0.8684,22
"(0, 1, 2, 3, 4, 6, 7, 8, 9)",0.8478,22
"(0, 2, 3, 4, 5, 6, 7, 8, 9)",0.8692,22
"(0, 1, 2, 4, 5, 6, 7, 8, 9)",0.8473,22
"(0, 1, 2, 3, 4, 5, 6, 7, 9)",0.8475,22
"(0, 1, 2, 3, 5, 6, 7, 8, 9)",0.8449,22
"(1, 4, 5, 0, 3, 6, 9, 8, 7, 2)",0.8502,23
"(0, 2, 3, 4, 5, 6, 7, 8, 9)",0.8684,23
"(0, 1, 2, 3, 5, 6, 7, 8, 9)",0.8433,23
"(0, 1, 2, 3, 4, 6, 7, 8, 9)",0.8461,23
"(1, 2, 3, 4, 5, 6, 7, 8, 9)",0.8607,23
"(0, 1, 2, 4, 5, 6, 7, 8, 9)",0.835,23
"(0, 1, 2, 3, 4, 5, 7, 8, 9)",0.8438,23
"(0, 1, 2, 3, 4, 5, 6, 7, 8)",0.8404,23
"(0, 1, 2, 3, 4, 5, 6, 7, 9)",0.8383,23
"(0, 1, 2, 3, 4, 5, 6, 8, 9)",0.8409,23
"(0, 1, 3, 4, 5, 6, 7, 8, 9)",0.8619,23
"(3, 8, 5, 2, 7, 9, 6, 1, 4, 0)",0.8403,24
"(0, 1, 2, 4, 5, 6, 7, 8, 9)",0.8227,24
"(0, 1, 2, 3, 4, 5, 6, 7, 9)",0.8363,24
"(0, 1, 2, 3, 4, 6, 7, 8, 9)",0.8314,24
"(0, 1, 3, 4, 5, 6, 7, 8, 9)",0.8549,24
"(0, 1, 2, 3, 4, 5, 6, 8, 9)",0.8249,24
"(0, 1, 2, 3, 4, 5, 6, 7, 8)",0.8288,24
"(0, 1, 2, 3, 4, 5, 7, 8, 9)",0.8311,24
"(0, 2, 3, 4, 5, 6, 7, 8, 9)",0.8552,24
"(0, 1, 2, 3, 5, 6, 7, 8, 9)",0.8353,24
"(1, 2, 3, 4, 5, 6, 7, 8, 9)",0.8548,24
"(3, 0, 7, 2, 4, 1, 6, 9, 8, 5)",0.8559,25
"(0, 1, 2, 4, 5, 6, 7, 8, 9)",0.8499,25
"(1, 2, 3, 4, 5, 6, 7, 8, 9)",0.8656,25
"(0, 1, 2, 3, 4, 5, 6, 8, 9)",0.8431,25
"(0, 1, 3, 4, 5, 6, 7, 8, 9)",0.8676,25
"(0, 1, 2, 3, 5, 6, 7, 8, 9)",0.8533,25
"(0, 2, 3, 4, 5, 6, 7, 8, 9)",0.8687,25
"(0, 1, 2, 3, 4, 5, 7, 8, 9)",0.8515,25
"(0, 1, 2, 3, 4, 5, 6, 7, 8)",0.8488,25
"(0, 1, 2, 3, 4, 5, 6, 7, 9)",0.8497,25
"(0, 1, 2, 3, 4, 6, 7, 8, 9)",0.8514,25
"(5, 1, 2, 9, 6, 3, 8, 0, 4, 7)",0.8648,26
"(0, 1, 2, 3, 4, 6, 7, 8, 9)",0.8607,26
"(0, 2, 3, 4, 5, 6, 7, 8, 9)",0.8769,26
"(0, 1, 3, 4, 5, 6, 7, 8, 9)",0.8728,26
"(0, 1, 2, 3, 4, 5, 6, 7, 8)",0.8597,26
"(0, 1, 2, 3, 4, 5, 7, 8, 9)",0.8609,26
"(0, 1, 2, 4, 5, 6, 7, 8, 9)",0.8589,26
"(0, 1, 2, 3, 4, 5, 6, 7, 9)",0.8584,26
"(1, 2, 3, 4, 5, 6, 7, 8, 9)",0.8727,26
"(0, 1, 2, 3, 5, 6, 7, 8, 9)",0.8609,26
"(0, 1, 2, 3, 4, 5, 6, 8, 9)",0.8618,26
"(8, 9, 6, 3, 7, 2, 5, 1, 4, 0)",0.8516,27
"(0, 1, 2, 3, 4, 5, 6, 7, 9)",0.8424,27
"(0, 1, 2, 3, 4, 5, 6, 7, 8)",0.8449,27
"(0, 1, 2, 3, 4, 5, 7, 8, 9)",0.8453,27
"(0, 1, 2, 4, 5, 6, 7, 8, 9)",0.8406,27
"(0, 1, 2, 3, 4, 5, 6, 8, 9)",0.8431,27
"(0, 1, 3, 4, 5, 6, 7, 8, 9)",0.8647,27
"(0, 1, 2, 3, 4, 6, 7, 8, 9)",0.8468,27
"(0, 2, 3, 4, 5, 6, 7, 8, 9)",0.8652,27
"(0, 1, 2, 3, 5, 6, 7, 8, 9)",0.8457,27
"(1, 2, 3, 4, 5, 6, 7, 8, 9)",0.8631,27
"(2, 9, 0, 6, 8, 3, 1, 5, 4, 7)",0.8496,28
"(0, 1, 3, 4, 5, 6, 7, 8, 9)",0.8633,28
"(0, 1, 2, 3, 4, 5, 6, 7, 8)",0.8387,28
"(1, 2, 3, 4, 5, 6, 7, 8, 9)",0.8627,28
"(0, 1, 2, 3, 4, 5, 7, 8, 9)",0.8522,28
"(0, 1, 2, 3, 4, 5, 6, 7, 9)",0.8392,28
"(0, 1, 2, 4, 5, 6, 7, 8, 9)",0.8435,28
"(0, 2, 3, 4, 5, 6, 7, 8, 9)",0.8684,28
"(0, 1, 2, 3, 4, 6, 7, 8, 9)",0.8397,28
"(0, 1, 2, 3, 5, 6, 7, 8, 9)",0.8466,28
"(0, 1, 2, 3, 4, 5, 6, 8, 9)",0.8251,28
"(5, 3, 9, 1, 4, 2, 7, 8, 0, 6)",0.8561,29
"(0, 1, 2, 3, 4, 6, 7, 8, 9)",0.8529,29
"(0, 1, 2, 4, 5, 6, 7, 8, 9)",0.8477,29
"(0, 1, 2, 3, 4, 5, 6, 7, 8)",0.8485,29
"(0, 2, 3, 4, 5, 6, 7, 8, 9)",0.8711,29
"(0, 1, 2, 3, 5, 6, 7, 8, 9)",0.8516,29
"(0, 1, 3, 4, 5, 6, 7, 8, 9)",0.8682,29
"(0, 1, 2, 3, 4, 5, 6, 8, 9)",0.8526,29
"(0, 1, 2, 3, 4, 5, 6, 7, 9)",0.8494,29
"(1, 2, 3, 4, 5, 6, 7, 8, 9)",0.8704,29
"(0, 1, 2, 3, 4, 5, 7, 8, 9)",0.8533,29
"(3, 7, 0, 5, 6, 4, 8, 2, 9, 1)",0.8508,30
"(0, 1, 2, 4, 5, 6, 7, 8, 9)",0.8477,30
"(0, 1, 2, 3, 4, 5, 6, 8, 9)",0.8408,30
"(1, 2, 3, 4, 5, 6, 7, 8, 9)",0.865,30
"(0, 1, 2, 3, 4, 6, 7, 8, 9)",0.8397,30
"(0, 1, 2, 3, 4, 5, 7, 8, 9)",0.8403,30
"(0, 1, 2, 3, 5, 6, 7, 8, 9)",0.8392,30
"(0, 1, 2, 3, 4, 5, 6, 7, 9)",0.8428,30
"(0, 1, 3, 4, 5, 6, 7, 8, 9)",0.868,30
"(0, 1, 2, 3, 4, 5, 6, 7, 8)",0.8455,30
"(0, 2, 3, 4, 5, 6, 7, 8, 9)",0.8651,30
"(0, 4, 2, 9, 3, 6, 8, 7, 5, 1)",0.8581,31
"(1, 2, 3, 4, 5, 6, 7, 8, 9)",0.8693,31
"(0, 1, 2, 3, 5, 6, 7, 8, 9)",0.8487,31
"(0, 1, 3, 4, 5, 6, 7, 8, 9)",0.8692,31
"(0, 1, 2, 3, 4, 5, 6, 7, 8)",0.8496,31
"(0, 1, 2, 4, 5, 6, 7, 8, 9)",0.844,31
"(0, 1, 2, 3, 4, 5, 7, 8, 9)",0.8533,31
"(0, 1, 2, 3, 4, 5, 6, 7, 9)",0.8368,31
"(0, 1, 2, 3, 4, 5, 6, 8, 9)",0.8467,31
"(0, 1, 2, 3, 4, 6, 7, 8, 9)",0.8551,31
"(0, 2, 3, 4, 5, 6, 7, 8, 9)",0.8713,31
"(5, 3, 1, 9, 0, 8, 7, 4, 6, 2)",0.8542,32
"(0, 1, 2, 3, 4, 6, 7, 8, 9)",0.8431,32
"(0, 1, 2, 4, 5, 6, 7, 8, 9)",0.8445,32
"(0, 2, 3, 4, 5, 6, 7, 8, 9)",0.8696,32
"(0, 1, 2, 3, 4, 5, 6, 7, 8)",0.8442,32
"(1, 2, 3, 4, 5, 6, 7, 8, 9)",0.8689,32
"(0, 1, 2, 3, 4, 5, 6, 7, 9)",0.8473,32
"(0, 1, 2, 3, 4, 5, 6, 8, 9)",0.8422,32
"(0, 1, 2, 3, 5, 6, 7, 8, 9)",0.8504,32
"(0, 1, 2, 3, 4, 5, 7, 8, 9)",0.8448,32
"(0, 1, 3, 4, 5, 6, 7, 8, 9)",0.8645,32
"(3, 8, 4, 7, 6, 0, 2, 9, 5, 1)",0.8502,33
"(0, 1, 2, 4, 5, 6, 7, 8, 9)",0.8428,33
"(0, 1, 2, 3, 4, 5, 6, 7, 9)",0.8481,33
"(0, 1, 2, 3, 5, 6, 7, 8, 9)",0.8431,33
"(0, 1, 2, 3, 4, 5, 6, 8, 9)",0.8439,33
"(0, 1, 2, 3, 4, 5, 7, 8, 9)",0.8397,33
"(1, 2, 3, 4, 5, 6, 7, 8, 9)",0.8691,33
"(0, 1, 3, 4, 5, 6, 7, 8, 9)",0.8637,33
"(0, 1, 2, 3, 4, 5, 6, 7, 8)",0.8397,33
"(0, 1, 2, 3, 4, 6, 7, 8, 9)",0.8421,33
"(0, 2, 3, 4, 5, 6, 7, 8, 9)",0.8665,33
"(5, 9, 6, 8, 7, 2, 1, 3, 4, 0)",0.862,34
"(0, 1, 2, 3, 4, 6, 7, 8, 9)",0.8578,34
"(0, 1, 2, 3, 4, 5, 6, 7, 8)",0.8569,34
"(0, 1, 2, 3, 4, 5, 7, 8, 9)",0.8597,34
"(0, 1, 2, 3, 4, 5, 6, 7, 9)",0.8586,34
"(0, 1, 2, 3, 4, 5, 6, 8, 9)",0.8561,34
"(0, 1, 3, 4, 5, 6, 7, 8, 9)",0.871,34
"(0, 2, 3, 4, 5, 6, 7, 8, 9)",0.8733,34
"(0, 1, 2, 4, 5, 6, 7, 8, 9)",0.8561,34
"(0, 1, 2, 3, 5, 6, 7, 8, 9)",0.8567,34
"(1, 2, 3, 4, 5, 6, 7, 8, 9)",0.8707,34
"(6, 1, 0, 2, 4, 5, 7, 3, 9, 8)",0.8575,35
"(0, 1, 2, 3, 4, 5, 7, 8, 9)",0.8567,35
"(0, 2, 3, 4, 5, 6, 7, 8, 9)",0.8706,35
"(1, 2, 3, 4, 5, 6, 7, 8, 9)",0.8684,35
"(0, 1, 3, 4, 5, 6, 7, 8, 9)",0.8694,35
"(0, 1, 2, 3, 5, 6, 7, 8, 9)",0.8474,35
"(0, 1, 2, 3, 4, 6, 7, 8, 9)",0.852,35
"(0, 1, 2, 3, 4, 5, 6, 8, 9)",0.8521,35
"(0, 1, 2, 4, 5, 6, 7, 8, 9)",0.8462,35
"(0, 1, 2, 3, 4, 5, 6, 7, 8)",0.8492,35
"(0, 1, 2, 3, 4, 5, 6, 7, 9)",0.8465,35
"(6, 1, 0, 5, 7, 2, 8, 3, 9, 4)",0.8724,36
"(0, 1, 2, 3, 4, 5, 7, 8, 9)",0.8689,36
"(0, 2, 3, 4, 5, 6, 7, 8, 9)",0.8801,36
"(1, 2, 3, 4, 5, 6, 7, 8, 9)",0.8781,36
"(0, 1, 2, 3, 4, 6, 7, 8, 9)",0.8665,36
"(0, 1, 2, 3, 4, 5, 6, 8, 9)",0.869,36
"(0, 1, 3, 4, 5, 6, 7, 8, 9)",0.8769,36
"(0, 1, 2, 3, 4, 5, 6, 7, 9)",0.8694,36
"(0, 1, 2, 4, 5, 6, 7, 8, 9)",0.8561,36
"(0, 1, 2, 3, 4, 5, 6, 7, 8)",0.8673,36
"(0, 1, 2, 3, 5, 6, 7, 8, 9)",0.8699,36
"(7, 9, 3, 8, 5, 4, 6, 1, 2, 0)",0.8609,37
"(0, 1, 2, 3, 4, 5, 6, 8, 9)",0.8537,37
"(0, 1, 2, 3, 4, 5, 6, 7, 8)",0.8527,37
"(0, 1, 2, 4, 5, 6, 7, 8, 9)",0.8522,37
"(0, 1, 2, 3, 4, 5, 6, 7, 9)",0.8548,37
"(0, 1, 2, 3, 4, 6, 7, 8, 9)",0.8545,37
"(0, 1, 2, 3, 5, 6, 7, 8, 9)",0.8551,37
"(0, 1, 2, 3, 4, 5, 7, 8, 9)",0.8534,37
"(0, 2, 3, 4, 5, 6, 7, 8, 9)",0.8764,37
"(0, 1, 3, 4, 5, 6, 7, 8, 9)",0.8712,37
"(1, 2, 3, 4, 5, 6, 7, 8, 9)",0.8749,37
"(5, 2, 6, 1, 7, 4, 3, 0, 9, 8)",0.8635,38
"(0, 1, 2, 3, 4, 6, 7, 8, 9)",0.8597,38
"(0, 1, 3, 4, 5, 6, 7, 8, 9)",0.8738,38
"(0, 1, 2, 3, 4, 5, 7, 8, 9)",0.8586,38
"(0, 2, 3, 4, 5, 6, 7, 8, 9)",0.8747,38
"(0, 1, 2, 3, 4, 5, 6, 8, 9)",0.8563,38
"(0, 1, 2, 3, 5, 6, 7, 8, 9)",0.8589,38
"(0, 1, 2, 4, 5, 6, 7, 8, 9)",0.8537,38
"(1, 2, 3, 4, 5, 6, 7, 8, 9)",0.8765,38
"(0, 1, 2, 3, 4, 5, 6, 7, 8)",0.8567,38
"(0, 1, 2, 3, 4, 5, 6, 7, 9)",0.8566,38
"(0, 6, 8, 7, 9, 1, 4, 2, 5, 3)",0.8586,39
"(1, 2, 3, 4, 5, 6, 7, 8, 9)",0.8712,39
"(0, 1, 2, 3, 4, 5, 7, 8, 9)",0.8538,39
"(0, 1, 2, 3, 4, 5, 6, 7, 9)",0.8526,39
"(0, 1, 2, 3, 4, 5, 6, 8, 9)",0.8579,39
"(0, 1, 2, 3, 4, 5, 6, 7, 8)",0.8516,39
"(0, 2, 3, 4, 5, 6, 7, 8, 9)",0.8707,39
"(0, 1, 2, 3, 5, 6, 7, 8, 9)",0.8551,39
"(0, 1, 3, 4, 5, 6, 7, 8, 9)",0.8683,39
"(0, 1, 2, 3, 4, 6, 7, 8, 9)",0.851,39
"(0, 1, 2, 4, 5, 6, 7, 8, 9)",0.8459,39
"(5, 9, 3, 8, 4, 0, 1, 6, 7, 2)",0.857,40
"(0, 1, 2, 3, 4, 6, 7, 8, 9)",0.8558,40
"(0, 1, 2, 3, 4, 5, 6, 7, 8)",0.8511,40
"(0, 1, 2, 4, 5, 6, 7, 8, 9)",0.8455,40
"(0, 1, 2, 3, 4, 5, 6, 7, 9)",0.8481,40
"(0, 1, 2, 3, 5, 6, 7, 8, 9)",0.8535,40
"(1, 2, 3, 4, 5, 6, 7, 8, 9)",0.8686,40
"(0, 2, 3, 4, 5, 6, 7, 8, 9)",0.8694,40
"(0, 1, 2, 3, 4, 5, 7, 8, 9)",0.8541,40
"(0, 1, 2, 3, 4, 5, 6, 8, 9)",0.8504,40
"(0, 1, 3, 4, 5, 6, 7, 8, 9)",0.8649,40
"(1, 0, 5, 7, 4, 6, 8, 9, 3, 2)",0.8691,41
"(0, 2, 3, 4, 5, 6, 7, 8, 9)",0.8808,41
"(1, 2, 3, 4, 5, 6, 7, 8, 9)",0.8784,41
"(0, 1, 2, 3, 4, 6, 7, 8, 9)",0.8667,41
"(0, 1, 2, 3, 4, 5, 6, 8, 9)",0.8654,41
"(0, 1, 2, 3, 5, 6, 7, 8, 9)",0.8656,41
"(0, 1, 2, 3, 4, 5, 7, 8, 9)",0.8565,41
"(0, 1, 2, 3, 4, 5, 6, 7, 9)",0.8631,41
"(0, 1, 2, 3, 4, 5, 6, 7, 8)",0.8643,41
"(0, 1, 2, 4, 5, 6, 7, 8, 9)",0.8612,41
"(0, 1, 3, 4, 5, 6, 7, 8, 9)",0.8772,41
"(1, 3, 6, 8, 5, 0, 7, 4, 9, 2)",0.8481,42
"(0, 2, 3, 4, 5, 6, 7, 8, 9)",0.8621,42
"(0, 1, 2, 4, 5, 6, 7, 8, 9)",0.8318,42
"(0, 1, 2, 3, 4, 5, 7, 8, 9)",0.8442,42
"(0, 1, 2, 3, 4, 5, 6, 7, 9)",0.8438,42
"(0, 1, 2, 3, 4, 6, 7, 8, 9)",0.8362,42
"(1, 2, 3, 4, 5, 6, 7, 8, 9)",0.8631,42
"(0, 1, 2, 3, 4, 5, 6, 8, 9)",0.8532,42
"(0, 1, 2, 3, 5, 6, 7, 8, 9)",0.8343,42
"(0, 1, 2, 3, 4, 5, 6, 7, 8)",0.8424,42
"(0, 1, 3, 4, 5, 6, 7, 8, 9)",0.8595,42
"(5, 9, 4, 2, 1, 8, 6, 3, 7, 0)",0.8656,43
"(0, 1, 2, 3, 4, 6, 7, 8, 9)",0.8609,43
"(0, 1, 2, 3, 4, 5, 6, 7, 8)",0.8616,43
"(0, 1, 2, 3, 5, 6, 7, 8, 9)",0.86,43
"(0, 1, 3, 4, 5, 6, 7, 8, 9)",0.8737,43
"(0, 2, 3, 4, 5, 6, 7, 8, 9)",0.8743,43
"(0, 1, 2, 3, 4, 5, 6, 7, 9)",0.8627,43
"(0, 1, 2, 3, 4, 5, 7, 8, 9)",0.8639,43
"(0, 1, 2, 4, 5, 6, 7, 8, 9)",0.8577,43
"(0, 1, 2, 3, 4, 5, 6, 8, 9)",0.8632,43
"(1, 2, 3, 4, 5, 6, 7, 8, 9)",0.8739,43
"(1, 6, 2, 0, 7, 5, 8, 3, 4, 9)",0.8608,44
"(0, 2, 3, 4, 5, 6, 7, 8, 9)",0.8721,44
"(0, 1, 2, 3, 4, 5, 7, 8, 9)",0.8573,44
"(0, 1, 3, 4, 5, 6, 7, 8, 9)",0.8705,44
"(1, 2, 3, 4, 5, 6, 7, 8, 9)",0.8751,44
"(0, 1, 2, 3, 4, 5, 6, 8, 9)",0.8522,44
"(0, 1, 2, 3, 4, 6, 7, 8, 9)",0.8597,44
"(0, 1, 2, 3, 4, 5, 6, 7, 9)",0.8555,44
"(0, 1, 2, 4, 5, 6, 7, 8, 9)",0.8545,44
"(0, 1, 2, 3, 5, 6, 7, 8, 9)",0.8542,44
"(0, 1, 2, 3, 4, 5, 6, 7, 8)",0.8579,44
"(3, 9, 6, 0, 7, 4, 2, 5, 1, 8)",0.8649,45
"(0, 1, 2, 4, 5, 6, 7, 8, 9)",0.8587,45
"(0, 1, 2, 3, 4, 5, 6, 7, 8)",0.8599,45
"(0, 1, 2, 3, 4, 5, 7, 8, 9)",0.8601,45
"(1, 2, 3, 4, 5, 6, 7, 8, 9)",0.8727,45
"(0, 1, 2, 3, 4, 5, 6, 8, 9)",0.8614,45
"(0, 1, 2, 3, 5, 6, 7, 8, 9)",0.8619,45
"(0, 1, 3, 4, 5, 6, 7, 8, 9)",0.8734,45
"(0, 1, 2, 3, 4, 6, 7, 8, 9)",0.8624,45
"(0, 2, 3, 4, 5, 6, 7, 8, 9)",0.8753,45
"(0, 1, 2, 3, 4, 5, 6, 7, 9)",0.8618,45
"(2, 0, 6, 4, 7, 3, 1, 9, 5, 8)",0.8553,46
"(0, 1, 3, 4, 5, 6, 7, 8, 9)",0.8642,46
"(1, 2, 3, 4, 5, 6, 7, 8, 9)",0.8675,46
"(0, 1, 2, 3, 4, 5, 7, 8, 9)",0.85,46
"(0, 1, 2, 3, 5, 6, 7, 8, 9)",0.8469,46
"(0, 1, 2, 3, 4, 5, 6, 8, 9)",0.849,46
"(0, 1, 2, 4, 5, 6, 7, 8, 9)",0.8479,46
"(0, 2, 3, 4, 5, 6, 7, 8, 9)",0.8738,46
"(0, 1, 2, 3, 4, 5, 6, 7, 8)",0.8428,46
"(0, 1, 2, 3, 4, 6, 7, 8, 9)",0.8448,46
"(0, 1, 2, 3, 4, 5, 6, 7, 9)",0.8472,46
"(1, 2, 3, 8, 7, 4, 6, 9, 0, 5)",0.8657,47
"(0, 2, 3, 4, 5, 6, 7, 8, 9)",0.8769,47
"(0, 1, 3, 4, 5, 6, 7, 8, 9)",0.8749,47
"(0, 1, 2, 4, 5, 6, 7, 8, 9)",0.8583,47
"(0, 1, 2, 3, 4, 5, 6, 7, 9)",0.8623,47
"(0, 1, 2, 3, 4, 5, 6, 8, 9)",0.8612,47
"(0, 1, 2, 3, 5, 6, 7, 8, 9)",0.8589,47
"(0, 1, 2, 3, 4, 5, 7, 8, 9)",0.8635,47
"(0, 1, 2, 3, 4, 5, 6, 7, 8)",0.86,47
"(1, 2, 3, 4, 5, 6, 7, 8, 9)",0.8746,47
"(0, 1, 2, 3, 4, 6, 7, 8, 9)",0.8623,47
"(7, 5, 1, 2, 0, 6, 9, 4, 3, 8)",0.845,48
"(0, 1, 2, 3, 4, 5, 6, 8, 9)",0.8362,48
"(0, 1, 2, 3, 4, 6, 7, 8, 9)",0.8374,48
"(0, 2, 3, 4, 5, 6, 7, 8, 9)",0.8603,48
"(0, 1, 3, 4, 5, 6, 7, 8, 9)",0.8595,48
"(1, 2, 3, 4, 5, 6, 7, 8, 9)",0.8633,48
"(0, 1, 2, 3, 4, 5, 7, 8, 9)",0.8373,48
"(0, 1, 2, 3, 4, 5, 6, 7, 8)",0.8383,48
"(0, 1, 2, 3, 5, 6, 7, 8, 9)",0.8376,48
"(0, 1, 2, 4, 5, 6, 7, 8, 9)",0.8435,48
"(0, 1, 2, 3, 4, 5, 6, 7, 9)",0.8395,48
"(0, 7, 8, 9, 2, 1, 3, 5, 6, 4)",0.8696,49
"(1, 2, 3, 4, 5, 6, 7, 8, 9)",0.8765,49
"(0, 1, 2, 3, 4, 5, 6, 8, 9)",0.8621,49
"(0, 1, 2, 3, 4, 5, 6, 7, 9)",0.8664,49
"(0, 1, 2, 3, 4, 5, 6, 7, 8)",0.8639,49
"(0, 1, 3, 4, 5, 6, 7, 8, 9)",0.8795,49
"(0, 2, 3, 4, 5, 6, 7, 8, 9)",0.8776,49
"(0, 1, 2, 4, 5, 6, 7, 8, 9)",0.8618,49
"(0, 1, 2, 3, 4, 6, 7, 8, 9)",0.8652,49
"(0, 1, 2, 3, 4, 5, 7, 8, 9)",0.8633,49
"(0, 1, 2, 3, 5, 6, 7, 8, 9)",0.8644,49
"(4, 5, 9, 0, 7, 2, 3, 8, 6, 1)",0.8736,50
"(0, 1, 2, 3, 5, 6, 7, 8, 9)",0.8693,50
"(0, 1, 2, 3, 4, 6, 7, 8, 9)",0.8714,50
"(0, 1, 2, 3, 4, 5, 6, 7, 8)",0.8698,50
"(1, 2, 3, 4, 5, 6, 7, 8, 9)",0.8799,50
"(0, 1, 2, 3, 4, 5, 6, 8, 9)",0.8699,50
"(0, 1, 3, 4, 5, 6, 7, 8, 9)",0.8793,50
"(0, 1, 2, 4, 5, 6, 7, 8, 9)",0.8703,50
"(0, 1, 2, 3, 4, 5, 6, 7, 9)",0.8692,50
"(0, 1, 2, 3, 4, 5, 7, 8, 9)",0.8672,50
"(0, 2, 3, 4, 5, 6, 7, 8, 9)",0.8817,50
"(8, 4, 5, 7, 3, 6, 1, 9, 0, 2)",0.8651,51
"(0, 1, 2, 3, 4, 5, 6, 7, 9)",0.8638,51
"(0, 1, 2, 3, 5, 6, 7, 8, 9)",0.8644,51
"(0, 1, 2, 3, 4, 6, 7, 8, 9)",0.8621,51
"(0, 1, 2, 3, 4, 5, 6, 8, 9)",0.8578,51
"(0, 1, 2, 4, 5, 6, 7, 8, 9)",0.8603,51
"(0, 1, 2, 3, 4, 5, 7, 8, 9)",0.861,51
"(0, 2, 3, 4, 5, 6, 7, 8, 9)",0.8744,51
"(0, 1, 2, 3, 4, 5, 6, 7, 8)",0.862,51
"(1, 2, 3, 4, 5, 6, 7, 8, 9)",0.8738,51
"(0, 1, 3, 4, 5, 6, 7, 8, 9)",0.8724,51
"(5, 9, 0, 7, 3, 1, 8, 6, 2, 4)",0.8689,52
"(0, 1, 2, 3, 4, 6, 7, 8, 9)",0.8635,52
"(0, 1, 2, 3, 4, 5, 6, 7, 8)",0.8641,52
"(1, 2, 3, 4, 5, 6, 7, 8, 9)",0.8789,52
"(0, 1, 2, 3, 4, 5, 6, 8, 9)",0.8651,52
"(0, 1, 2, 4, 5, 6, 7, 8, 9)",0.8595,52
"(0, 2, 3, 4, 5, 6, 7, 8, 9)",0.8797,52
"(0, 1, 2, 3, 4, 5, 6, 7, 9)",0.8628,52
"(0, 1, 2, 3, 4, 5, 7, 8, 9)",0.8651,52
"(0, 1, 3, 4, 5, 6, 7, 8, 9)",0.8755,52
"(0, 1, 2, 3, 5, 6, 7, 8, 9)",0.8644,52
"(2, 7, 1, 5, 4, 0, 8, 9, 3, 6)",0.859,53
"(0, 1, 3, 4, 5, 6, 7, 8, 9)",0.8697,53
"(0, 1, 2, 3, 4, 5, 6, 8, 9)",0.8508,53
"(0, 2, 3, 4, 5, 6, 7, 8, 9)",0.8709,53
"(0, 1, 2, 3, 4, 6, 7, 8, 9)",0.851,53
"(0, 1, 2, 3, 5, 6, 7, 8, 9)",0.8537,53
"(1, 2, 3, 4, 5, 6, 7, 8, 9)",0.8705,53
"(0, 1, 2, 3, 4, 5, 6, 7, 9)",0.8473,53
"(0, 1, 2, 3, 4, 5, 6, 7, 8)",0.8582,53
"(0, 1, 2, 4, 5, 6, 7, 8, 9)",0.8562,53
"(0, 1, 2, 3, 4, 5, 7, 8, 9)",0.8558,53
"(3, 9, 8, 5, 6, 4, 1, 2, 7, 0)",0.8721,54
"(0, 1, 2, 4, 5, 6, 7, 8, 9)",0.8651,54
"(0, 1, 2, 3, 4, 5, 6, 7, 8)",0.8667,54
"(0, 1, 2, 3, 4, 5, 6, 7, 9)",0.8676,54
"(0, 1, 2, 3, 4, 6, 7, 8, 9)",0.8675,54
"(0, 1, 2, 3, 4, 5, 7, 8, 9)",0.8697,54
"(0, 1, 2, 3, 5, 6, 7, 8, 9)",0.8661,54
"(0, 2, 3, 4, 5, 6, 7, 8, 9)",0.8806,54
"(0, 1, 3, 4, 5, 6, 7, 8, 9)",0.8797,54
"(0, 1, 2, 3, 4, 5, 6, 8, 9)",0.8671,54
"(1, 2, 3, 4, 5, 6, 7, 8, 9)",0.8804,54
"(5, 7, 4, 1, 8, 9, 6, 2, 0, 3)",0.8632,55
"(0, 1, 2, 3, 4, 6, 7, 8, 9)",0.8558,55
"(0, 1, 2, 3, 4, 5, 6, 8, 9)",0.8587,55
"(0, 1, 2, 3, 5, 6, 7, 8, 9)",0.854,55
"(0, 2, 3, 4, 5, 6, 7, 8, 9)",0.8754,55
"(0, 1, 2, 3, 4, 5, 6, 7, 9)",0.8549,55
"(0, 1, 2, 3, 4, 5, 6, 7, 8)",0.8541,55
"(0, 1, 2, 3, 4, 5, 7, 8, 9)",0.8566,55
"(0, 1, 3, 4, 5, 6, 7, 8, 9)",0.8739,55
"(1, 2, 3, 4, 5, 6, 7, 8, 9)",0.8759,55
"(0, 1, 2, 4, 5, 6, 7, 8, 9)",0.8516,55
"(8, 7, 9, 5, 6, 4, 1, 2, 3, 0)",0.867,56
"(0, 1, 2, 3, 4, 5, 6, 7, 9)",0.8609,56
"(0, 1, 2, 3, 4, 5, 6, 8, 9)",0.8565,56
"(0, 1, 2, 3, 4, 5, 6, 7, 8)",0.8627,56
"(0, 1, 2, 3, 4, 6, 7, 8, 9)",0.862,56
"(0, 1, 2, 3, 4, 5, 7, 8, 9)",0.8604,56
"(0, 1, 2, 3, 5, 6, 7, 8, 9)",0.8645,56
"(0, 2, 3, 4, 5, 6, 7, 8, 9)",0.8776,56
"(0, 1, 3, 4, 5, 6, 7, 8, 9)",0.8741,56
"(0, 1, 2, 4, 5, 6, 7, 8, 9)",0.8582,56
"(1, 2, 3, 4, 5, 6, 7, 8, 9)",0.8778,56
"(2, 5, 8, 9, 0, 1, 6, 3, 7, 4)",0.8589,57
"(0, 1, 3, 4, 5, 6, 7, 8, 9)",0.8698,57
"(0, 1, 2, 3, 4, 6, 7, 8, 9)",0.8545,57
"(0, 1, 2, 3, 4, 5, 6, 7, 9)",0.861,57
"(0, 1, 2, 3, 4, 5, 6, 7, 8)",0.8543,57
"(1, 2, 3, 4, 5, 6, 7, 8, 9)",0.8705,57
"(0, 2, 3, 4, 5, 6, 7, 8, 9)",0.8725,57
"(0, 1, 2, 3, 4, 5, 7, 8, 9)",0.8549,57
"(0, 1, 2, 4, 5, 6, 7, 8, 9)",0.8498,57
"(0, 1, 2, 3, 4, 5, 6, 8, 9)",0.8514,57
"(0, 1, 2, 3, 5, 6, 7, 8, 9)",0.852,57
"(6, 9, 5, 3, 0, 4, 2, 8, 7, 1)",0.8674,58
"(0, 1, 2, 3, 4, 5, 7, 8, 9)",0.8632,58
"(0, 1, 2, 3, 4, 5, 6, 7, 8)",0.8676,58
"(0, 1, 2, 3, 4, 6, 7, 8, 9)",0.8601,58
"(0, 1, 2, 4, 5, 6, 7, 8, 9)",0.8586,58
"(1, 2, 3, 4, 5, 6, 7, 8, 9)",0.8789,58
"(0, 1, 2, 3, 5, 6, 7, 8, 9)",0.8667,58
"(0, 1, 3, 4, 5, 6, 7, 8, 9)",0.8771,58
"(0, 1, 2, 3, 4, 5, 6, 7, 9)",0.8629,58
"(0, 1, 2, 3, 4, 5, 6, 8, 9)",0.8613,58
"(0, 2, 3, 4, 5, 6, 7, 8, 9)",0.8763,58
"(5, 6, 0, 9, 2, 1, 4, 7, 8, 3)",0.8627,59
"(0, 1, 2, 3, 4, 6, 7, 8, 9)",0.8575,59
"(0, 1, 2, 3, 4, 5, 7, 8, 9)",0.8578,59
"(1, 2, 3, 4, 5, 6, 7, 8, 9)",0.8747,59
"(0, 1, 2, 3, 4, 5, 6, 7, 8)",0.859,59
"(0, 1, 3, 4, 5, 6, 7, 8, 9)",0.8757,59
"(0, 2, 3, 4, 5, 6, 7, 8, 9)",0.8751,59
"(0, 1, 2, 3, 5, 6, 7, 8, 9)",0.8559,59
"(0, 1, 2, 3, 4, 5, 6, 8, 9)",0.857,59
"(0, 1, 2, 3, 4, 5, 6, 7, 9)",0.8577,59
"(0, 1, 2, 4, 5, 6, 7, 8, 9)",0.8524,59
"(6, 3, 5, 8, 4, 2, 1, 0, 9, 7)",0.8687,60
"(0, 1, 2, 3, 4, 5, 7, 8, 9)",0.8659,60
"(0, 1, 2, 4, 5, 6, 7, 8, 9)",0.8625,60
"(0, 1, 2, 3, 4, 6, 7, 8, 9)",0.8629,60
"(0, 1, 2, 3, 4, 5, 6, 7, 9)",0.8646,60
"(0, 1, 2, 3, 5, 6, 7, 8, 9)",0.8647,60
"(0, 1, 3, 4, 5, 6, 7, 8, 9)",0.8759,60
"(0, 2, 3, 4, 5, 6, 7, 8, 9)",0.8796,60
"(1, 2, 3, 4, 5, 6, 7, 8, 9)",0.8783,60
"(0, 1, 2, 3, 4, 5, 6, 7, 8)",0.8625,60
"(0, 1, 2, 3, 4, 5, 6, 8, 9)",0.8651,60
"(3, 9, 7, 0, 1, 8, 5, 6, 2, 4)",0.8623,61
"(0, 1, 2, 4, 5, 6, 7, 8, 9)",0.8549,61
"(0, 1, 2, 3, 4, 5, 6, 7, 8)",0.8583,61
"(0, 1, 2, 3, 4, 5, 6, 8, 9)",0.8586,61
"(1, 2, 3, 4, 5, 6, 7, 8, 9)",0.8755,61
"(0, 2, 3, 4, 5, 6, 7, 8, 9)",0.8729,61
"(0, 1, 2, 3, 4, 5, 6, 7, 9)",0.8582,61
"(0, 1, 2, 3, 4, 6, 7, 8, 9)",0.8565,61
"(0, 1, 2, 3, 4, 5, 7, 8, 9)",0.8573,61
"(0, 1, 3, 4, 5, 6, 7, 8, 9)",0.873,61
"(0, 1, 2, 3, 5, 6, 7, 8, 9)",0.8551,61
"(8, 4, 5, 9, 0, 1, 3, 2, 7, 6)",0.8689,62
"(0, 1, 2, 3, 4, 5, 6, 7, 9)",0.8669,62
"(0, 1, 2, 3, 5, 6, 7, 8, 9)",0.8635,62
"(0, 1, 2, 3, 4, 6, 7, 8, 9)",0.8662,62
"(0, 1, 2, 3, 4, 5, 6, 7, 8)",0.8669,62
"(1, 2, 3, 4, 5, 6, 7, 8, 9)",0.8778,62
"(0, 2, 3, 4, 5, 6, 7, 8, 9)",0.8785,62
"(0, 1, 2, 4, 5, 6, 7, 8, 9)",0.8629,62
"(0, 1, 3, 4, 5, 6, 7, 8, 9)",0.8761,62
"(0, 1, 2, 3, 4, 5, 6, 8, 9)",0.865,62
"(0, 1, 2, 3, 4, 5, 7, 8, 9)",0.8655,62
"(1, 5, 9, 3, 7, 8, 2, 4, 6, 0)",0.8651,63
"(0, 2, 3, 4, 5, 6, 7, 8, 9)",0.876,63
"(0, 1, 2, 3, 4, 6, 7, 8, 9)",0.8622,63
"(0, 1, 2, 3, 4, 5, 6, 7, 8)",0.8606,63
"(0, 1, 2, 4, 5, 6, 7, 8, 9)",0.8641,63
"(0, 1, 2, 3, 4, 5, 6, 8, 9)",0.8607,63
"(0, 1, 2, 3, 4, 5, 6, 7, 9)",0.8625,63
"(0, 1, 3, 4, 5, 6, 7, 8, 9)",0.8727,63
"(0, 1, 2, 3, 5, 6, 7, 8, 9)",0.8619,63
"(0, 1, 2, 3, 4, 5, 7, 8, 9)",0.858,63
"(1, 2, 3, 4, 5, 6, 7, 8, 9)",0.877,63
"(1, 2, 7, 0, 4, 8, 9, 3, 5, 6)",0.8687,64
"(0, 2, 3, 4, 5, 6, 7, 8, 9)",0.8778,64
"(0, 1, 3, 4, 5, 6, 7, 8, 9)",0.8768,64
"(0, 1, 2, 3, 4, 5, 6, 8, 9)",0.8633,64
"(1, 2, 3, 4, 5, 6, 7, 8, 9)",0.8781,64
"(0, 1, 2, 3, 5, 6, 7, 8, 9)",0.8637,64
"(0, 1, 2, 3, 4, 5, 6, 7, 9)",0.864,64
"(0, 1, 2, 3, 4, 5, 6, 7, 8)",0.8621,64
"(0, 1, 2, 4, 5, 6, 7, 8, 9)",0.862,64
"(0, 1, 2, 3, 4, 6, 7, 8, 9)",0.8637,64
"(0, 1, 2, 3, 4, 5, 7, 8, 9)",0.8649,64
"(9, 7, 2, 8, 3, 4, 0, 6, 1, 5)",0.8728,65
"(0, 1, 2, 3, 4, 5, 6, 7, 8)",0.8656,65
"(0, 1, 2, 3, 4, 5, 6, 8, 9)",0.8654,65
"(0, 1, 3, 4, 5, 6, 7, 8, 9)",0.8805,65
"(0, 1, 2, 3, 4, 5, 6, 7, 9)",0.8667,65
"(0, 1, 2, 4, 5, 6, 7, 8, 9)",0.8654,65
"(0, 1, 2, 3, 5, 6, 7, 8, 9)",0.8683,65
"(1, 2, 3, 4, 5, 6, 7, 8, 9)",0.8804,65
"(0, 1, 2, 3, 4, 5, 7, 8, 9)",0.869,65
"(0, 2, 3, 4, 5, 6, 7, 8, 9)",0.8814,65
"(0, 1, 2, 3, 4, 6, 7, 8, 9)",0.8691,65
"(7, 9, 0, 3, 4, 1, 5, 2, 6, 8)",0.8697,66
"(0, 1, 2, 3, 4, 5, 6, 8, 9)",0.8641,66
"(0, 1, 2, 3, 4, 5, 6, 7, 8)",0.8646,66
"(1, 2, 3, 4, 5, 6, 7, 8, 9)",0.8786,66
"(0, 1, 2, 4, 5, 6, 7, 8, 9)",0.8654,66
"(0, 1, 2, 3, 5, 6, 7, 8, 9)",0.8648,66
"(0, 2, 3, 4, 5, 6, 7, 8, 9)",0.8806,66
"(0, 1, 2, 3, 4, 6, 7, 8, 9)",0.8637,66
"(0, 1, 3, 4, 5, 6, 7, 8, 9)",0.878,66
"(0, 1, 2, 3, 4, 5, 7, 8, 9)",0.8678,66
"(0, 1, 2, 3, 4, 5, 6, 7, 9)",0.8642,66
"(9, 2, 7, 3, 1, 6, 5, 4, 0, 8)",0.8681,67
"(0, 1, 2, 3, 4, 5, 6, 7, 8)",0.8624,67
"(0, 1, 3, 4, 5, 6, 7, 8, 9)",0.8769,67
"(0, 1, 2, 3, 4, 5, 6, 8, 9)",0.8614,67
"(0, 1, 2, 4, 5, 6, 7, 8, 9)",0.86,67
"(0, 2, 3, 4, 5, 6, 7, 8, 9)",0.877,67
"(0, 1, 2, 3, 4, 5, 7, 8, 9)",0.867,67
"(0, 1, 2, 3, 4, 6, 7, 8, 9)",0.8629,67
"(0, 1, 2, 3, 5, 6, 7, 8, 9)",0.8631,67
"(1, 2, 3, 4, 5, 6, 7, 8, 9)",0.877,67
"(0, 1, 2, 3, 4, 5, 6, 7, 9)",0.863,67
"(5, 6, 8, 7, 4, 3, 2, 9, 1, 0)",0.868,68
"(0, 1, 2, 3, 4, 6, 7, 8, 9)",0.8636,68
"(0, 1, 2, 3, 4, 5, 7, 8, 9)",0.8644,68
"(0, 1, 2, 3, 4, 5, 6, 7, 9)",0.8636,68
"(0, 1, 2, 3, 4, 5, 6, 8, 9)",0.8644,68
"(0, 1, 2, 3, 5, 6, 7, 8, 9)",0.8646,68
"(0, 1, 2, 4, 5, 6, 7, 8, 9)",0.8605,68
"(0, 1, 3, 4, 5, 6, 7, 8, 9)",0.8797,68
"(0, 1, 2, 3, 4, 5, 6, 7, 8)",0.8586,68
"(0, 2, 3, 4, 5, 6, 7, 8, 9)",0.876,68
"(1, 2, 3, 4, 5, 6, 7, 8, 9)",0.877,68
"(7, 3, 4, 1, 8, 0, 9, 5, 6, 2)",0.8652,69
"(0, 1, 2, 3, 4, 5, 6, 8, 9)",0.8609,69
"(0, 1, 2, 4, 5, 6, 7, 8, 9)",0.8562,69
"(0, 1, 2, 3, 5, 6, 7, 8, 9)",0.8611,69
"(0, 2, 3, 4, 5, 6, 7, 8, 9)",0.8754,69
"(0, 1, 2, 3, 4, 5, 6, 7, 9)",0.8604,69
"(1, 2, 3, 4, 5, 6, 7, 8, 9)",0.8749,69
"(0, 1, 2, 3, 4, 5, 6, 7, 8)",0.8598,69
"(0, 1, 2, 3, 4, 6, 7, 8, 9)",0.8622,69
"(0, 1, 2, 3, 4, 5, 7, 8, 9)",0.8566,69
"(0, 1, 3, 4, 5, 6, 7, 8, 9)",0.873,69
"(0, 1, 9, 8, 7, 4, 2, 6, 3, 5)",0.872,70
"(1, 2, 3, 4, 5, 6, 7, 8, 9)",0.8796,70
"(0, 2, 3, 4, 5, 6, 7, 8, 9)",0.8764,70
"(0, 1, 2, 3, 4, 5, 6, 7, 8)",0.8665,70
"(0, 1, 2, 3, 4, 5, 6, 7, 9)",0.8704,70
"(0, 1, 2, 3, 4, 5, 6, 8, 9)",0.8698,70
"(0, 1, 2, 3, 5, 6, 7, 8, 9)",0.8688,70
"(0, 1, 3, 4, 5, 6, 7, 8, 9)",0.8756,70
"(0, 1, 2, 3, 4, 5, 7, 8, 9)",0.8663,70
"(0, 1, 2, 4, 5, 6, 7, 8, 9)",0.865,70
"(0, 1, 2, 3, 4, 6, 7, 8, 9)",0.8674,70
"(1, 3, 5, 9, 4, 2, 7, 6, 8, 0)",0.8651,71
"(0, 2, 3, 4, 5, 6, 7, 8, 9)",0.8768,71
"(0, 1, 2, 4, 5, 6, 7, 8, 9)",0.8587,71
"(0, 1, 2, 3, 4, 6, 7, 8, 9)",0.8585,71
"(0, 1, 2, 3, 4, 5, 6, 7, 8)",0.8576,71
"(0, 1, 2, 3, 5, 6, 7, 8, 9)",0.8572,71
"(0, 1, 3, 4, 5, 6, 7, 8, 9)",0.875,71
"(0, 1, 2, 3, 4, 5, 6, 8, 9)",0.8597,71
"(0, 1, 2, 3, 4, 5, 7, 8, 9)",0.8602,71
"(0, 1, 2, 3, 4, 5, 6, 7, 9)",0.8636,71
"(1, 2, 3, 4, 5, 6, 7, 8, 9)",0.8725,71
"(6, 1, 7, 2, 3, 8, 4, 5, 9, 0)",0.8729,72
"(0, 1, 2, 3, 4, 5, 7, 8, 9)",0.8676,72
"(0, 2, 3, 4, 5, 6, 7, 8, 9)",0.8813,72
"(0, 1, 2, 3, 4, 5, 6, 8, 9)",0.8678,72
"(0, 1, 3, 4, 5, 6, 7, 8, 9)",0.8802,72
"(0, 1, 2, 4, 5, 6, 7, 8, 9)",0.8644,72
"(0, 1, 2, 3, 4, 5, 6, 7, 9)",0.8664,72
"(0, 1, 2, 3, 5, 6, 7, 8, 9)",0.8657,72
"(0, 1, 2, 3, 4, 6, 7, 8, 9)",0.8661,72
"(0, 1, 2, 3, 4, 5, 6, 7, 8)",0.866,72
"(1, 2, 3, 4, 5, 6, 7, 8, 9)",0.8801,72
"(8, 2, 0, 1, 7, 4, 3, 9, 6, 5)",0.8725,73
"(0, 1, 2, 3, 4, 5, 6, 7, 9)",0.8694,73
"(0, 1, 3, 4, 5, 6, 7, 8, 9)",0.8783,73
"(1, 2, 3, 4, 5, 6, 7, 8, 9)",0.8791,73
"(0, 2, 3, 4, 5, 6, 7, 8, 9)",0.8798,73
"(0, 1, 2, 3, 4, 5, 6, 8, 9)",0.8664,73
"(0, 1, 2, 3, 5, 6, 7, 8, 9)",0.8661,73
"(0, 1, 2, 4, 5, 6, 7, 8, 9)",0.866,73
"(0, 1, 2, 3, 4, 5, 6, 7, 8)",0.867,73
"(0, 1, 2, 3, 4, 5, 7, 8, 9)",0.8676,73
"(0, 1, 2, 3, 4, 6, 7, 8, 9)",0.8669,73
"(3, 6, 8, 4, 0, 2, 5, 1, 9, 7)",0.8741,74
"(0, 1, 2, 4, 5, 6, 7, 8, 9)",0.87,74
"(0, 1, 2, 3, 4, 5, 7, 8, 9)",0.8703,74
"(0, 1, 2, 3, 4, 5, 6, 7, 9)",0.8707,74
"(0, 1, 2, 3, 5, 6, 7, 8, 9)",0.8712,74
"(1, 2, 3, 4, 5, 6, 7, 8, 9)",0.8829,74
"(0, 1, 3, 4, 5, 6, 7, 8, 9)",0.8813,74
"(0, 1, 2, 3, 4, 6, 7, 8, 9)",0.8698,74
"(0, 2, 3, 4, 5, 6, 7, 8, 9)",0.8807,74
"(0, 1, 2, 3, 4, 5, 6, 7, 8)",0.8706,74
"(0, 1, 2, 3, 4, 5, 6, 8, 9)",0.8707,74
"(4, 2, 1, 7, 6, 8, 9, 5, 3, 0)",0.8718,75
"(0, 1, 2, 3, 5, 6, 7, 8, 9)",0.8659,75
"(0, 1, 3, 4, 5, 6, 7, 8, 9)",0.8783,75
"(0, 2, 3, 4, 5, 6, 7, 8, 9)",0.8808,75
"(0, 1, 2, 3, 4, 5, 6, 8, 9)",0.8633,75
"(0, 1, 2, 3, 4, 5, 7, 8, 9)",0.867,75
"(0, 1, 2, 3, 4, 5, 6, 7, 9)",0.8681,75
"(0, 1, 2, 3, 4, 5, 6, 7, 8)",0.868,75
"(0, 1, 2, 3, 4, 6, 7, 8, 9)",0.8675,75
"(0, 1, 2, 4, 5, 6, 7, 8, 9)",0.8669,75
"(1, 2, 3, 4, 5, 6, 7, 8, 9)",0.8797,75
"(8, 4, 0, 7, 5, 1, 3, 9, 2, 6)",0.8711,76
"(0, 1, 2, 3, 4, 5, 6, 7, 9)",0.8662,76
"(0, 1, 2, 3, 5, 6, 7, 8, 9)",0.8683,76
"(1, 2, 3, 4, 5, 6, 7, 8, 9)",0.8789,76
"(0, 1, 2, 3, 4, 5, 6, 8, 9)",0.869,76
"(0, 1, 2, 3, 4, 6, 7, 8, 9)",0.8688,76
"(0, 2, 3, 4, 5, 6, 7, 8, 9)",0.881,76
"(0, 1, 2, 4, 5, 6, 7, 8, 9)",0.8634,76
"(0, 1, 2, 3, 4, 5, 6, 7, 8)",0.8656,76
"(0, 1, 3, 4, 5, 6, 7, 8, 9)",0.8793,76
"(0, 1, 2, 3, 4, 5, 7, 8, 9)",0.8687,76
"(3, 8, 9, 5, 4, 6, 0, 2, 1, 7)",0.8643,77
"(0, 1, 2, 4, 5, 6, 7, 8, 9)",0.8549,77
"(0, 1, 2, 3, 4, 5, 6, 7, 9)",0.8563,77
"(0, 1, 2, 3, 4, 5, 6, 7, 8)",0.8588,77
"(0, 1, 2, 3, 4, 6, 7, 8, 9)",0.8583,77
"(0, 1, 2, 3, 5, 6, 7, 8, 9)",0.8577,77
"(0, 1, 2, 3, 4, 5, 7, 8, 9)",0.86,77
"(1, 2, 3, 4, 5, 6, 7, 8, 9)",0.8748,77
"(0, 1, 3, 4, 5, 6, 7, 8, 9)",0.8694,77
"(0, 2, 3, 4, 5, 6, 7, 8, 9)",0.8732,77
"(0, 1, 2, 3, 4, 5, 6, 8, 9)",0.8604,77
"(8, 2, 1, 0, 4, 7, 9, 3, 6, 5)",0.8708,78
"(0, 1, 2, 3, 4, 5, 6, 7, 9)",0.867,78
"(0, 1, 3, 4, 5, 6, 7, 8, 9)",0.8783,78
"(0, 2, 3, 4, 5, 6, 7, 8, 9)",0.8807,78
"(1, 2, 3, 4, 5, 6, 7, 8, 9)",0.8799,78
"(0, 1, 2, 3, 5, 6, 7, 8, 9)",0.8662,78
"(0, 1, 2, 3, 4, 5, 6, 8, 9)",0.8699,78
"(0, 1, 2, 3, 4, 5, 6, 7, 8)",0.8651,78
"(0, 1, 2, 4, 5, 6, 7, 8, 9)",0.8648,78
"(0, 1, 2, 3, 4, 5, 7, 8, 9)",0.8675,78
"(0, 1, 2, 3, 4, 6, 7, 8, 9)",0.8668,78
"(4, 5, 3, 0, 9, 2, 6, 8, 1, 7)",0.8648,79
"(0, 1, 2, 3, 5, 6, 7, 8, 9)",0.8606,79
"(0, 1, 2, 3, 4, 6, 7, 8, 9)",0.8605,79
"(0, 1, 2, 4, 5, 6, 7, 8, 9)",0.8607,79
"(1, 2, 3, 4, 5, 6, 7, 8, 9)",0.8769,79
"(0, 1, 2, 3, 4, 5, 6, 7, 8)",0.8597,79
"(0, 1, 3, 4, 5, 6, 7, 8, 9)",0.8729,79
"(0, 1, 2, 3, 4, 5, 7, 8, 9)",0.8603,79
"(0, 1, 2, 3, 4, 5, 6, 7, 9)",0.8608,79
"(0, 2, 3, 4, 5, 6, 7, 8, 9)",0.8751,79
"(0, 1, 2, 3, 4, 5, 6, 8, 9)",0.8626,79
